Image,Page
urn:cite:mid:sbb104imgs.sbb00000104_00005.v1,urn:cite:mid:sbb104pages.1r.v1
urn:cite:mid:sbb104imgs.sbb00000104_00006.v1,urn:cite:mid:sbb104pages.1v.v1
urn:cite:mid:sbb104imgs.sbb00000104_00007.v1,urn:cite:mid:sbb104pages.2r.v1
urn:cite:mid:sbb104imgs.sbb00000104_00008.v1,urn:cite:mid:sbb104pages.2v.v1
urn:cite:mid:sbb104imgs.sbb00000104_00009.v1,urn:cite:mid:sbb104pages.3r.v1
urn:cite:mid:sbb104imgs.sbb00000104_000010.v1,urn:cite:mid:sbb104pages.3v.v1
urn:cite:mid:sbb104imgs.sbb00000104_000011.v1,urn:cite:mid:sbb104pages.4r.v1
urn:cite:mid:sbb104imgs.sbb00000104_000012.v1,urn:cite:mid:sbb104pages.4v.v1
urn:cite:mid:sbb104imgs.sbb00000104_000013.v1,urn:cite:mid:sbb104pages.5r.v1
urn:cite:mid:sbb104imgs.sbb00000104_000014.v1,urn:cite:mid:sbb104pages.5v.v1
urn:cite:mid:sbb104imgs.sbb00000104_000015.v1,urn:cite:mid:sbb104pages.6r.v1
urn:cite:mid:sbb104imgs.sbb00000104_000016.v1,urn:cite:mid:sbb104pages.6v.v1
urn:cite:mid:sbb104imgs.sbb00000104_000017.v1,urn:cite:mid:sbb104pages.7r.v1
urn:cite:mid:sbb104imgs.sbb00000104_000018.v1,urn:cite:mid:sbb104pages.7v.v1
urn:cite:mid:sbb104imgs.sbb00000104_000019.v1,urn:cite:mid:sbb104pages.8r.v1
urn:cite:mid:sbb104imgs.sbb00000104_000020.v1,urn:cite:mid:sbb104pages.8v.v1
urn:cite:mid:sbb104imgs.sbb00000104_000021.v1,urn:cite:mid:sbb104pages.9r.v1
urn:cite:mid:sbb104imgs.sbb00000104_000022.v1,urn:cite:mid:sbb104pages.9v.v1
urn:cite:mid:sbb104imgs.sbb00000104_000023.v1,urn:cite:mid:sbb104pages.10r.v1
urn:cite:mid:sbb104imgs.sbb00000104_000024.v1,urn:cite:mid:sbb104pages.10v.v1
urn:cite:mid:sbb104imgs.sbb00000104_000025.v1,urn:cite:mid:sbb104pages.11r.v1
urn:cite:mid:sbb104imgs.sbb00000104_000026.v1,urn:cite:mid:sbb104pages.11v.v1
urn:cite:mid:sbb104imgs.sbb00000104_000027.v1,urn:cite:mid:sbb104pages.12r.v1
urn:cite:mid:sbb104imgs.sbb00000104_000028.v1,urn:cite:mid:sbb104pages.12v.v1
urn:cite:mid:sbb104imgs.sbb00000104_000029.v1,urn:cite:mid:sbb104pages.13r.v1
urn:cite:mid:sbb104imgs.sbb00000104_000030.v1,urn:cite:mid:sbb104pages.13v.v1
urn:cite:mid:sbb104imgs.sbb00000104_000031.v1,urn:cite:mid:sbb104pages.14r.v1
urn:cite:mid:sbb104imgs.sbb00000104_000032.v1,urn:cite:mid:sbb104pages.14v.v1
urn:cite:mid:sbb104imgs.sbb00000104_000033.v1,urn:cite:mid:sbb104pages.15r.v1
urn:cite:mid:sbb104imgs.sbb00000104_000034.v1,urn:cite:mid:sbb104pages.15v.v1
urn:cite:mid:sbb104imgs.sbb00000104_000035.v1,urn:cite:mid:sbb104pages.16r.v1
urn:cite:mid:sbb104imgs.sbb00000104_000036.v1,urn:cite:mid:sbb104pages.16v.v1
urn:cite:mid:sbb104imgs.sbb00000104_000037.v1,urn:cite:mid:sbb104pages.17r.v1
urn:cite:mid:sbb104imgs.sbb00000104_000038.v1,urn:cite:mid:sbb104pages.17v.v1
urn:cite:mid:sbb104imgs.sbb00000104_000039.v1,urn:cite:mid:sbb104pages.18r.v1
urn:cite:mid:sbb104imgs.sbb00000104_000040.v1,urn:cite:mid:sbb104pages.18v.v1
urn:cite:mid:sbb104imgs.sbb00000104_000041.v1,urn:cite:mid:sbb104pages.19r.v1
urn:cite:mid:sbb104imgs.sbb00000104_000042.v1,urn:cite:mid:sbb104pages.19v.v1
urn:cite:mid:sbb104imgs.sbb00000104_000043.v1,urn:cite:mid:sbb104pages.20r.v1
urn:cite:mid:sbb104imgs.sbb00000104_000044.v1,urn:cite:mid:sbb104pages.20v.v1
urn:cite:mid:sbb104imgs.sbb00000104_000045.v1,urn:cite:mid:sbb104pages.21r.v1
urn:cite:mid:sbb104imgs.sbb00000104_000046.v1,urn:cite:mid:sbb104pages.21v.v1
urn:cite:mid:sbb104imgs.sbb00000104_000047.v1,urn:cite:mid:sbb104pages.22r.v1
urn:cite:mid:sbb104imgs.sbb00000104_000048.v1,urn:cite:mid:sbb104pages.22v.v1
urn:cite:mid:sbb104imgs.sbb00000104_000049.v1,urn:cite:mid:sbb104pages.23r.v1
urn:cite:mid:sbb104imgs.sbb00000104_000050.v1,urn:cite:mid:sbb104pages.23v.v1
urn:cite:mid:sbb104imgs.sbb00000104_000051.v1,urn:cite:mid:sbb104pages.24r.v1
urn:cite:mid:sbb104imgs.sbb00000104_000052.v1,urn:cite:mid:sbb104pages.24v.v1
urn:cite:mid:sbb104imgs.sbb00000104_000053.v1,urn:cite:mid:sbb104pages.25r.v1
urn:cite:mid:sbb104imgs.sbb00000104_000054.v1,urn:cite:mid:sbb104pages.25v.v1
urn:cite:mid:sbb104imgs.sbb00000104_000055.v1,urn:cite:mid:sbb104pages.26r.v1
urn:cite:mid:sbb104imgs.sbb00000104_000056.v1,urn:cite:mid:sbb104pages.26v.v1
urn:cite:mid:sbb104imgs.sbb00000104_000057.v1,urn:cite:mid:sbb104pages.27r.v1
urn:cite:mid:sbb104imgs.sbb00000104_000058.v1,urn:cite:mid:sbb104pages.27v.v1
urn:cite:mid:sbb104imgs.sbb00000104_000059.v1,urn:cite:mid:sbb104pages.28r.v1
urn:cite:mid:sbb104imgs.sbb00000104_000060.v1,urn:cite:mid:sbb104pages.28v.v1
