Page,Label,Sequence
urn:cite:mid:sbb104pages.1r.v1,Folio 1 recto of Bamberg MS 104,1
urn:cite:mid:sbb104pages.1v.v1,Folio 1 verso of Bamberg MS 104,2
urn:cite:mid:sbb104pages.2r.v1,Folio 2 recto of Bamberg MS 104,3
urn:cite:mid:sbb104pages.2v.v1,Folio 2 verso of Bamberg MS 104,4
urn:cite:mid:sbb104pages.3r.v1,Folio 3 recto of Bamberg MS 104,5
urn:cite:mid:sbb104pages.3v.v1,Folio 3 verso of Bamberg MS 104,6
urn:cite:mid:sbb104pages.4r.v1,Folio 4 recto of Bamberg MS 104,7
urn:cite:mid:sbb104pages.4v.v1,Folio 4 verso of Bamberg MS 104,8
urn:cite:mid:sbb104pages.5r.v1,Folio 5 recto of Bamberg MS 104,9
urn:cite:mid:sbb104pages.5v.v1,Folio 5 verso of Bamberg MS 104,10
urn:cite:mid:sbb104pages.6r.v1,Folio 6 recto of Bamberg MS 104,11
urn:cite:mid:sbb104pages.6v.v1,Folio 6 verso of Bamberg MS 104,12
urn:cite:mid:sbb104pages.7r.v1,Folio 7 recto of Bamberg MS 104,13
urn:cite:mid:sbb104pages.7v.v1,Folio 7 verso of Bamberg MS 104,14
urn:cite:mid:sbb104pages.8r.v1,Folio 8 recto of Bamberg MS 104,15
urn:cite:mid:sbb104pages.8v.v1,Folio 8 verso of Bamberg MS 104,16
urn:cite:mid:sbb104pages.9r.v1,Folio 9 recto of Bamberg MS 104,17
urn:cite:mid:sbb104pages.9v.v1,Folio 9 verso of Bamberg MS 104,18
urn:cite:mid:sbb104pages.10r.v1,Folio 10 recto of Bamberg MS 104,19
urn:cite:mid:sbb104pages.10v.v1,Folio 10 verso of Bamberg MS 104,20
urn:cite:mid:sbb104pages.11r.v1,Folio 11 recto of Bamberg MS 104,21
urn:cite:mid:sbb104pages.11v.v1,Folio 11 verso of Bamberg MS 104,22
urn:cite:mid:sbb104pages.12r.v1,Folio 12 recto of Bamberg MS 104,23
urn:cite:mid:sbb104pages.12v.v1,Folio 12 verso of Bamberg MS 104,24
urn:cite:mid:sbb104pages.13r.v1,Folio 13 recto of Bamberg MS 104,25
urn:cite:mid:sbb104pages.13v.v1,Folio 13 verso of Bamberg MS 104,26
urn:cite:mid:sbb104pages.14r.v1,Folio 14 recto of Bamberg MS 104,27
urn:cite:mid:sbb104pages.14v.v1,Folio 14 verso of Bamberg MS 104,28
urn:cite:mid:sbb104pages.15r.v1,Folio 15 recto of Bamberg MS 104,29
urn:cite:mid:sbb104pages.15v.v1,Folio 15 verso of Bamberg MS 104,30
urn:cite:mid:sbb104pages.16r.v1,Folio 16 recto of Bamberg MS 104,31
urn:cite:mid:sbb104pages.16v.v1,Folio 16 verso of Bamberg MS 104,32
urn:cite:mid:sbb104pages.17r.v1,Folio 17 recto of Bamberg MS 104,33
urn:cite:mid:sbb104pages.17v.v1,Folio 17 verso of Bamberg MS 104,34
urn:cite:mid:sbb104pages.18r.v1,Folio 18 recto of Bamberg MS 104,35
urn:cite:mid:sbb104pages.18v.v1,Folio 18 verso of Bamberg MS 104,36
urn:cite:mid:sbb104pages.19r.v1,Folio 19 recto of Bamberg MS 104,37
urn:cite:mid:sbb104pages.19v.v1,Folio 19 verso of Bamberg MS 104,38
urn:cite:mid:sbb104pages.20r.v1,Folio 20 recto of Bamberg MS 104,39
urn:cite:mid:sbb104pages.20v.v1,Folio 20 verso of Bamberg MS 104,40
urn:cite:mid:sbb104pages.21r.v1,Folio 21 recto of Bamberg MS 104,41
urn:cite:mid:sbb104pages.21v.v1,Folio 21 verso of Bamberg MS 104,42
urn:cite:mid:sbb104pages.22r.v1,Folio 22 recto of Bamberg MS 104,43
urn:cite:mid:sbb104pages.22v.v1,Folio 22 verso of Bamberg MS 104,44
urn:cite:mid:sbb104pages.23r.v1,Folio 23 recto of Bamberg MS 104,45
urn:cite:mid:sbb104pages.23v.v1,Folio 23 verso of Bamberg MS 104,46
urn:cite:mid:sbb104pages.24r.v1,Folio 24 recto of Bamberg MS 104,47
urn:cite:mid:sbb104pages.24v.v1,Folio 24 verso of Bamberg MS 104,48
urn:cite:mid:sbb104pages.25r.v1,Folio 25 recto of Bamberg MS 104,49
urn:cite:mid:sbb104pages.25v.v1,Folio 25 verso of Bamberg MS 104,50
urn:cite:mid:sbb104pages.26r.v1,Folio 26 recto of Bamberg MS 104,51
urn:cite:mid:sbb104pages.26v.v1,Folio 26 verso of Bamberg MS 104,52
urn:cite:mid:sbb104pages.27r.v1,Folio 27 recto of Bamberg MS 104,53
urn:cite:mid:sbb104pages.27v.v1,Folio 27 verso of Bamberg MS 104,54
urn:cite:mid:sbb104pages.28r.v1,Folio 28 recto of Bamberg MS 104,55
urn:cite:mid:sbb104pages.28v.v1,Folio 28 verso of Bamberg MS 104,56
urn:cite:mid:sbb104pages.29r.v1,Folio 29 recto of Bamberg MS 104,57
urn:cite:mid:sbb104pages.29v.v1,Folio 29 verso of Bamberg MS 104,58
urn:cite:mid:sbb104pages.30r.v1,Folio 30 recto of Bamberg MS 104,59
urn:cite:mid:sbb104pages.30v.v1,Folio 30 verso of Bamberg MS 104,60
urn:cite:mid:sbb104pages.31r.v1,Folio 31 recto of Bamberg MS 104,61
urn:cite:mid:sbb104pages.31v.v1,Folio 31 verso of Bamberg MS 104,62
urn:cite:mid:sbb104pages.32r.v1,Folio 32 recto of Bamberg MS 104,63
urn:cite:mid:sbb104pages.32v.v1,Folio 32 verso of Bamberg MS 104,64
urn:cite:mid:sbb104pages.33r.v1,Folio 33 recto of Bamberg MS 104,65
urn:cite:mid:sbb104pages.33v.v1,Folio 33 verso of Bamberg MS 104,66
urn:cite:mid:sbb104pages.34r.v1,Folio 34 recto of Bamberg MS 104,67
urn:cite:mid:sbb104pages.34v.v1,Folio 34 verso of Bamberg MS 104,68
urn:cite:mid:sbb104pages.35r.v1,Folio 35 recto of Bamberg MS 104,69
urn:cite:mid:sbb104pages.35v.v1,Folio 35 verso of Bamberg MS 104,70
urn:cite:mid:sbb104pages.36r.v1,Folio 36 recto of Bamberg MS 104,71
urn:cite:mid:sbb104pages.36v.v1,Folio 36 verso of Bamberg MS 104,72
urn:cite:mid:sbb104pages.37r.v1,Folio 37 recto of Bamberg MS 104,73
urn:cite:mid:sbb104pages.37v.v1,Folio 37 verso of Bamberg MS 104,74
urn:cite:mid:sbb104pages.38r.v1,Folio 38 recto of Bamberg MS 104,75
urn:cite:mid:sbb104pages.38v.v1,Folio 38 verso of Bamberg MS 104,76
urn:cite:mid:sbb104pages.39r.v1,Folio 39 recto of Bamberg MS 104,77
urn:cite:mid:sbb104pages.39v.v1,Folio 39 verso of Bamberg MS 104,78
urn:cite:mid:sbb104pages.40r.v1,Folio 40 recto of Bamberg MS 104,79
urn:cite:mid:sbb104pages.40v.v1,Folio 40 verso of Bamberg MS 104,80
urn:cite:mid:sbb104pages.41r.v1,Folio 41 recto of Bamberg MS 104,81
urn:cite:mid:sbb104pages.41v.v1,Folio 41 verso of Bamberg MS 104,82
urn:cite:mid:sbb104pages.42r.v1,Folio 42 recto of Bamberg MS 104,83
urn:cite:mid:sbb104pages.42v.v1,Folio 42 verso of Bamberg MS 104,84
urn:cite:mid:sbb104pages.43r.v1,Folio 43 recto of Bamberg MS 104,85
urn:cite:mid:sbb104pages.43v.v1,Folio 43 verso of Bamberg MS 104,86
urn:cite:mid:sbb104pages.44r.v1,Folio 44 recto of Bamberg MS 104,87
urn:cite:mid:sbb104pages.44v.v1,Folio 44 verso of Bamberg MS 104,88
urn:cite:mid:sbb104pages.45r.v1,Folio 45 recto of Bamberg MS 104,89
urn:cite:mid:sbb104pages.45v.v1,Folio 45 verso of Bamberg MS 104,90
urn:cite:mid:sbb104pages.46r.v1,Folio 46 recto of Bamberg MS 104,91
urn:cite:mid:sbb104pages.46v.v1,Folio 46 verso of Bamberg MS 104,92
urn:cite:mid:sbb104pages.47r.v1,Folio 47 recto of Bamberg MS 104,93
urn:cite:mid:sbb104pages.47v.v1,Folio 47 verso of Bamberg MS 104,94
urn:cite:mid:sbb104pages.48r.v1,Folio 48 recto of Bamberg MS 104,95
urn:cite:mid:sbb104pages.48v.v1,Folio 48 verso of Bamberg MS 104,96
urn:cite:mid:sbb104pages.49r.v1,Folio 49 recto of Bamberg MS 104,97
urn:cite:mid:sbb104pages.49v.v1,Folio 49 verso of Bamberg MS 104,98
urn:cite:mid:sbb104pages.50r.v1,Folio 50 recto of Bamberg MS 104,99
urn:cite:mid:sbb104pages.50v.v1,Folio 50 verso of Bamberg MS 104,100
urn:cite:mid:sbb104pages.51r.v1,Folio 51 recto of Bamberg MS 104,101
urn:cite:mid:sbb104pages.51v.v1,Folio 51 verso of Bamberg MS 104,102
urn:cite:mid:sbb104pages.52r.v1,Folio 52 recto of Bamberg MS 104,103
urn:cite:mid:sbb104pages.52v.v1,Folio 52 verso of Bamberg MS 104,104
urn:cite:mid:sbb104pages.53r.v1,Folio 53 recto of Bamberg MS 104,105
urn:cite:mid:sbb104pages.53v.v1,Folio 53 verso of Bamberg MS 104,106
urn:cite:mid:sbb104pages.54r.v1,Folio 54 recto of Bamberg MS 104,107
urn:cite:mid:sbb104pages.54v.v1,Folio 54 verso of Bamberg MS 104,108
urn:cite:mid:sbb104pages.55r.v1,Folio 55 recto of Bamberg MS 104,109
urn:cite:mid:sbb104pages.55v.v1,Folio 55 verso of Bamberg MS 104,110
urn:cite:mid:sbb104pages.56r.v1,Folio 56 recto of Bamberg MS 104,111
urn:cite:mid:sbb104pages.56v.v1,Folio 56 verso of Bamberg MS 104,112
urn:cite:mid:sbb104pages.57r.v1,Folio 57 recto of Bamberg MS 104,113
urn:cite:mid:sbb104pages.57v.v1,Folio 57 verso of Bamberg MS 104,114
urn:cite:mid:sbb104pages.58r.v1,Folio 58 recto of Bamberg MS 104,115
urn:cite:mid:sbb104pages.58v.v1,Folio 58 verso of Bamberg MS 104,116
urn:cite:mid:sbb104pages.59r.v1,Folio 59 recto of Bamberg MS 104,117
urn:cite:mid:sbb104pages.59v.v1,Folio 59 verso of Bamberg MS 104,118
urn:cite:mid:sbb104pages.60r.v1,Folio 60 recto of Bamberg MS 104,119
urn:cite:mid:sbb104pages.60v.v1,Folio 60 verso of Bamberg MS 104,120
urn:cite:mid:sbb104pages.61r.v1,Folio 61 recto of Bamberg MS 104,121
urn:cite:mid:sbb104pages.61v.v1,Folio 61 verso of Bamberg MS 104,122
urn:cite:mid:sbb104pages.62r.v1,Folio 62 recto of Bamberg MS 104,123
urn:cite:mid:sbb104pages.62v.v1,Folio 62 verso of Bamberg MS 104,124
urn:cite:mid:sbb104pages.63r.v1,Folio 63 recto of Bamberg MS 104,125
urn:cite:mid:sbb104pages.63v.v1,Folio 63 verso of Bamberg MS 104,126
urn:cite:mid:sbb104pages.64r.v1,Folio 64 recto of Bamberg MS 104,127
urn:cite:mid:sbb104pages.64v.v1,Folio 64 verso of Bamberg MS 104,128
urn:cite:mid:sbb104pages.65r.v1,Folio 65 recto of Bamberg MS 104,129
urn:cite:mid:sbb104pages.65v.v1,Folio 65 verso of Bamberg MS 104,130
urn:cite:mid:sbb104pages.66r.v1,Folio 66 recto of Bamberg MS 104,131
urn:cite:mid:sbb104pages.66v.v1,Folio 66 verso of Bamberg MS 104,132
urn:cite:mid:sbb104pages.67r.v1,Folio 67 recto of Bamberg MS 104,133
urn:cite:mid:sbb104pages.67v.v1,Folio 67 verso of Bamberg MS 104,134
urn:cite:mid:sbb104pages.68r.v1,Folio 68 recto of Bamberg MS 104,135
urn:cite:mid:sbb104pages.68v.v1,Folio 68 verso of Bamberg MS 104,136
urn:cite:mid:sbb104pages.69r.v1,Folio 69 recto of Bamberg MS 104,137
urn:cite:mid:sbb104pages.69v.v1,Folio 69 verso of Bamberg MS 104,138
urn:cite:mid:sbb104pages.70r.v1,Folio 70 recto of Bamberg MS 104,139
urn:cite:mid:sbb104pages.70v.v1,Folio 70 verso of Bamberg MS 104,140
urn:cite:mid:sbb104pages.71r.v1,Folio 71 recto of Bamberg MS 104,141
urn:cite:mid:sbb104pages.71v.v1,Folio 71 verso of Bamberg MS 104,142
urn:cite:mid:sbb104pages.72r.v1,Folio 72 recto of Bamberg MS 104,143
urn:cite:mid:sbb104pages.72v.v1,Folio 72 verso of Bamberg MS 104,144
urn:cite:mid:sbb104pages.73r.v1,Folio 73 recto of Bamberg MS 104,145
urn:cite:mid:sbb104pages.73v.v1,Folio 73 verso of Bamberg MS 104,146
urn:cite:mid:sbb104pages.74r.v1,Folio 74 recto of Bamberg MS 104,147
urn:cite:mid:sbb104pages.74v.v1,Folio 74 verso of Bamberg MS 104,148
urn:cite:mid:sbb104pages.75r.v1,Folio 75 recto of Bamberg MS 104,149
urn:cite:mid:sbb104pages.75v.v1,Folio 75 verso of Bamberg MS 104,150
urn:cite:mid:sbb104pages.76r.v1,Folio 76 recto of Bamberg MS 104,151
urn:cite:mid:sbb104pages.76v.v1,Folio 76 verso of Bamberg MS 104,152
urn:cite:mid:sbb104pages.77r.v1,Folio 77 recto of Bamberg MS 104,153
urn:cite:mid:sbb104pages.77v.v1,Folio 77 verso of Bamberg MS 104,154
urn:cite:mid:sbb104pages.78r.v1,Folio 78 recto of Bamberg MS 104,155
urn:cite:mid:sbb104pages.78v.v1,Folio 78 verso of Bamberg MS 104,156
urn:cite:mid:sbb104pages.79r.v1,Folio 79 recto of Bamberg MS 104,157
urn:cite:mid:sbb104pages.79v.v1,Folio 79 verso of Bamberg MS 104,158
urn:cite:mid:sbb104pages.80r.v1,Folio 80 recto of Bamberg MS 104,159
urn:cite:mid:sbb104pages.80v.v1,Folio 80 verso of Bamberg MS 104,160
urn:cite:mid:sbb104pages.81r.v1,Folio 81 recto of Bamberg MS 104,161
urn:cite:mid:sbb104pages.81v.v1,Folio 81 verso of Bamberg MS 104,162
urn:cite:mid:sbb104pages.82r.v1,Folio 82 recto of Bamberg MS 104,163
urn:cite:mid:sbb104pages.82v.v1,Folio 82 verso of Bamberg MS 104,164
urn:cite:mid:sbb104pages.83r.v1,Folio 83 recto of Bamberg MS 104,165
urn:cite:mid:sbb104pages.83v.v1,Folio 83 verso of Bamberg MS 104,166
urn:cite:mid:sbb104pages.84r.v1,Folio 84 recto of Bamberg MS 104,167
urn:cite:mid:sbb104pages.84v.v1,Folio 84 verso of Bamberg MS 104,168
urn:cite:mid:sbb104pages.85r.v1,Folio 85 recto of Bamberg MS 104,169
urn:cite:mid:sbb104pages.85v.v1,Folio 85 verso of Bamberg MS 104,170
urn:cite:mid:sbb104pages.86r.v1,Folio 86 recto of Bamberg MS 104,171
urn:cite:mid:sbb104pages.86v.v1,Folio 86 verso of Bamberg MS 104,172
urn:cite:mid:sbb104pages.87r.v1,Folio 87 recto of Bamberg MS 104,173
urn:cite:mid:sbb104pages.87v.v1,Folio 87 verso of Bamberg MS 104,174
urn:cite:mid:sbb104pages.88r.v1,Folio 88 recto of Bamberg MS 104,175
urn:cite:mid:sbb104pages.88v.v1,Folio 88 verso of Bamberg MS 104,176
urn:cite:mid:sbb104pages.89r.v1,Folio 89 recto of Bamberg MS 104,177
urn:cite:mid:sbb104pages.89v.v1,Folio 89 verso of Bamberg MS 104,178
urn:cite:mid:sbb104pages.90r.v1,Folio 90 recto of Bamberg MS 104,179
urn:cite:mid:sbb104pages.90v.v1,Folio 90 verso of Bamberg MS 104,180
urn:cite:mid:sbb104pages.91r.v1,Folio 91 recto of Bamberg MS 104,181
urn:cite:mid:sbb104pages.91v.v1,Folio 91 verso of Bamberg MS 104,182
urn:cite:mid:sbb104pages.92r.v1,Folio 92 recto of Bamberg MS 104,183
urn:cite:mid:sbb104pages.92v.v1,Folio 92 verso of Bamberg MS 104,184
urn:cite:mid:sbb104pages.93r.v1,Folio 93 recto of Bamberg MS 104,185
urn:cite:mid:sbb104pages.93v.v1,Folio 93 verso of Bamberg MS 104,186
urn:cite:mid:sbb104pages.94r.v1,Folio 94 recto of Bamberg MS 104,187
urn:cite:mid:sbb104pages.94v.v1,Folio 94 verso of Bamberg MS 104,188
urn:cite:mid:sbb104pages.95r.v1,Folio 95 recto of Bamberg MS 104,189
urn:cite:mid:sbb104pages.95v.v1,Folio 95 verso of Bamberg MS 104,190
urn:cite:mid:sbb104pages.96r.v1,Folio 96 recto of Bamberg MS 104,191
urn:cite:mid:sbb104pages.96v.v1,Folio 96 verso of Bamberg MS 104,192
urn:cite:mid:sbb104pages.97r.v1,Folio 97 recto of Bamberg MS 104,193
urn:cite:mid:sbb104pages.97v.v1,Folio 97 verso of Bamberg MS 104,194
urn:cite:mid:sbb104pages.98r.v1,Folio 98 recto of Bamberg MS 104,195
urn:cite:mid:sbb104pages.98v.v1,Folio 98 verso of Bamberg MS 104,196
urn:cite:mid:sbb104pages.99r.v1,Folio 99 recto of Bamberg MS 104,197
urn:cite:mid:sbb104pages.99v.v1,Folio 99 verso of Bamberg MS 104,198
urn:cite:mid:sbb104pages.100r.v1,Folio 100 recto of Bamberg MS 104,199
urn:cite:mid:sbb104pages.100v.v1,Folio 100 verso of Bamberg MS 104,200
urn:cite:mid:sbb104pages.101r.v1,Folio 101 recto of Bamberg MS 104,201
urn:cite:mid:sbb104pages.101v.v1,Folio 101 verso of Bamberg MS 104,202
urn:cite:mid:sbb104pages.102r.v1,Folio 102 recto of Bamberg MS 104,203
urn:cite:mid:sbb104pages.102v.v1,Folio 102 verso of Bamberg MS 104,204
urn:cite:mid:sbb104pages.103r.v1,Folio 103 recto of Bamberg MS 104,205
urn:cite:mid:sbb104pages.103v.v1,Folio 103 verso of Bamberg MS 104,206
urn:cite:mid:sbb104pages.104r.v1,Folio 104 recto of Bamberg MS 104,207
urn:cite:mid:sbb104pages.104v.v1,Folio 104 verso of Bamberg MS 104,208
urn:cite:mid:sbb104pages.105r.v1,Folio 105 recto of Bamberg MS 104,209
urn:cite:mid:sbb104pages.105v.v1,Folio 105 verso of Bamberg MS 104,210
urn:cite:mid:sbb104pages.106r.v1,Folio 106 recto of Bamberg MS 104,211































































































































































